{
  "rq1": {
    "hierarchical_contributions": {
      "stage_0_raw": {
        "EPA": 2.1000000000000005,
        "LC": 8.299999999999997,
        "SAT": 15.6
      },
      "stage_1_epistemic": 6.682633514147201,
      "stage_2_predictive": 16.4431335141472
    },
    "epistemic_fraction": 0.23959916588138733,
    "aleatoric_fraction": 0.7604008341186127,
    "epistemic_std": 1.2451826034308382,
    "aleatoric_std": 2.23606797749979,
    "total_std": 2.5799642107582783
  },
  "rq2": {
    "mean_underestimation_pct": -53.34488595559638,
    "median_underestimation_pct": -52.92093598516101,
    "std_underestimation_pct": 17.596733448833817,
    "hyperparameter_fraction": 0.302660158757547,
    "within_model_std": 1.3922819845796266,
    "between_model_std": 0.9136373165008388,
    "total_std": 1.6770238790728618
  },
  "rq3": {
    "picp_95": 0.635,
    "picp_68": 0.315,
    "ece": 0.254,
    "crps": 3.455538765664818,
    "sharpness": 2.5799642107582783,
    "is_calibrated": false,
    "conformal_coverage": 0.905,
    "conformal_achieves_target": false,
    "conformal_mean_width": 19.501251239912516
  },
  "rq4": {
    "n_unreliable": 198,
    "fraction_unreliable": 0.99,
    "mean_cv": 0.6509707799119272,
    "max_cv": 1.2762895162297023
  },
  "policy": {
    "n_alerts": 0,
    "n_sensor_recommendations": 10,
    "decision_report_shape": [
      200,
      11
    ]
  }
}